,COUNTRY,COUNTRYCODE,POPULATION,AREA,GDP,ALPHA2,ALPHA3
0,Afghanistan,93,29121286,647500,20.65 Billion,AF,AFG
1,Albania,355,2986952,28748,12.8 Billion,AL,ALB
2,Algeria,213,34586184,2381740,215.7 Billion,DZ,DZA
3,American Samoa,1-684,57881,199,462.2 Million,AS,ASM
4,Andorra,376,84000,468,4.8 Billion,AD,AND
5,Angola,244,13068161,1246700,124 Billion,AO,AGO
6,Anguilla,1-264,13254,102,175.4 Million,AI,AIA
7,Antarctica,672,0,14000000,,AQ,ATA
8,Antigua and Barbuda,1-268,86754,443,1.22 Billion,AG,ATG
9,Argentina,54,41343201,2766890,484.6 Billion,AR,ARG
10,Armenia,374,2968000,29800,10.44 Billion,AM,ARM
11,Aruba,297,71566,193,2.516 Billion,AW,ABW
12,Australia,61,21515754,7686850,1.488 Trillion,AU,AUS
13,Austria,43,8205000,83858,417.9 Billion,AT,AUT
14,Azerbaijan,994,8303512,86600,76.01 Billion,AZ,AZE
15,Bahamas,1-242,301790,13940,8.373 Billion,BS,BHS
16,Bahrain,973,738004,665,28.36 Billion,BH,BHR
17,Bangladesh,880,156118464,144000,140.2 Billion,BD,BGD
18,Barbados,1-246,285653,431,4.262 Billion,BB,BRB
19,Belarus,375,9685000,207600,69.24 Billion,BY,BLR
20,Belgium,32,10403000,30510,507.4 Billion,BE,BEL
21,Belize,501,314522,22966,1.637 Billion,BZ,BLZ
22,Benin,229,9056010,112620,8.359 Billion,BJ,BEN
23,Bermuda,1-441,65365,53,5.6 Billion,BM,BMU
24,Bhutan,975,699847,47000,2.133 Billion,BT,BTN
25,Bolivia,591,9947418,1098580,30.79 Billion,BO,BOL
26,Bosnia and Herzegovina,387,4590000,51129,18.87 Billion,BA,BIH
27,Botswana,267,2029307,600370,15.53 Billion,BW,BWA
28,Brazil,55,201103330,8511965,2.19 Trillion,BR,BRA
29,British Indian Ocean Territory,246,4000,60,,IO,IOT
30,British Virgin Islands,1-284,21730,153,1.095 Billion,VG,VGB
31,Brunei,673,395027,5770,16.56 Billion,BN,BRN
32,Bulgaria,359,7148785,110910,53.7 Billion,BG,BGR
33,Burkina Faso,226,16241811,274200,12.13 Billion,BF,BFA
34,Burundi,257,9863117,27830,2.676 Billion,BI,BDI
35,Cambodia,855,14453680,181040,15.64 Billion,KH,KHM
36,Cameroon,237,19294149,475440,27.88 Billion,CM,CMR
37,Canada,1,33679000,9984670,1.825 Trillion,CA,CAN
38,Cape Verde,238,508659,4033,1.955 Billion,CV,CPV
39,Cayman Islands,1-345,44270,262,2.25 Billion,KY,CYM
40,Central African Republic,236,4844927,622984,2.05 Billion,CF,CAF
41,Chad,235,10543464,1284000,13.59 Billion,TD,TCD
42,Chile,56,16746491,756950,281.7 Billion,CL,CHL
43,China,86,1330044000,9596960,9.33 Trillion,CN,CHN
44,Christmas Island,61,1500,135,,CX,CXR
45,Cocos Islands,61,628,14,,CC,CCK
46,Colombia,57,47790000,1138910,369.2 Billion,CO,COL
47,Comoros,269,773407,2170,658 Million,KM,COM
48,Cook Islands,682,21388,240,183.2 Million,CK,COK
49,Costa Rica,506,4516220,51100,48.51 Billion,CR,CRI
50,Croatia,385,4491000,56542,59.14 Billion,HR,HRV
51,Cuba,53,11423000,110860,72.3 Billion,CU,CUB
52,Curacao,599,141766,444,5.6 Billion,CW,CUW
53,Cyprus,357,1102677,9250,21.78 Billion,CY,CYP
54,Czech Republic,420,10476000,78866,194.8 Billion,CZ,CZE
55,Democratic Republic of the Congo,243,70916439,2345410,18.56 Billion,CD,COD
56,Denmark,45,5484000,43094,324.3 Billion,DK,DNK
57,Djibouti,253,740528,23000,1.459 Billion,DJ,DJI
58,Dominica,1-767,72813,754,495 Million,DM,DMA
59,Dominican Republic,"1-809, 1-829, 1-849",9823821,48730,59.27 Billion,DO,DOM
60,East Timor,670,1154625,15007,6.129 Billion,TL,TLS
61,Ecuador,593,14790608,283560,91.41 Billion,EC,ECU
62,Egypt,20,80471869,1001450,262 Billion,EG,EGY
63,El Salvador,503,6052064,21040,24.67 Billion,SV,SLV
64,Equatorial Guinea,240,1014999,28051,17.08 Billion,GQ,GNQ
65,Eritrea,291,5792984,121320,3.438 Billion,ER,ERI
66,Estonia,372,1291170,45226,24.28 Billion,EE,EST
67,Ethiopia,251,88013491,1127127,47.34 Billion,ET,ETH
68,Falkland Islands,500,2638,12173,164.5 Million,FK,FLK
69,Faroe Islands,298,48228,1399,2.32 Billion,FO,FRO
70,Fiji,679,875983,18270,4.218 Billion,FJ,FJI
71,Finland,358,5244000,337030,259.6 Billion,FI,FIN
72,France,33,64768389,547030,2.739 Trillion,FR,FRA
73,French Polynesia,689,270485,4167,5.65 Billion,PF,PYF
74,Gabon,241,1545255,267667,19.97 Billion,GA,GAB
75,Gambia,220,1593256,11300,896 Million,GM,GMB
76,Georgia,995,4630000,69700,15.95 Billion,GE,GEO
77,Germany,49,81802257,357021,3.593 Trillion,DE,DEU
78,Ghana,233,24339838,239460,45.55 Billion,GH,GHA
79,Gibraltar,350,27884,7,1.106 Billion,GI,GIB
80,Greece,30,11000000,131940,243.3 Billion,GR,GRC
81,Greenland,299,56375,2166086,2.16 Billion,GL,GRL
82,Grenada,1-473,107818,344,811 Million,GD,GRD
83,Guam,1-671,159358,549,4.6 Billion,GU,GUM
84,Guatemala,502,13550440,108890,53.9 Billion,GT,GTM
85,Guernsey,44-1481,65228,78,2.742 Billion,GG,GGY
86,Guinea,224,10324025,245857,6.544 Billion,GN,GIN
87,Guinea-Bissau,245,1565126,36120,880 Million,GW,GNB
88,Guyana,592,748486,214970,3.02 Billion,GY,GUY
89,Haiti,509,9648924,27750,8.287 Billion,HT,HTI
90,Honduras,504,7989415,112090,18.88 Billion,HN,HND
91,Hong Kong,852,6898686,1092,272.1 Billion,HK,HKG
92,Hungary,36,9982000,93030,130.6 Billion,HU,HUN
93,Iceland,354,308910,103000,14.59 Billion,IS,ISL
94,India,91,1173108018,3287590,1.67 Trillion,IN,IND
95,Indonesia,62,242968342,1919440,867.5 Billion,ID,IDN
96,Iran,98,76923300,1648000,411.9 Billion,IR,IRN
97,Iraq,964,29671605,437072,221.8 Billion,IQ,IRQ
98,Ireland,353,4622917,70280,220.9 Billion,IE,IRL
99,Isle of Man,44-1624,75049,572,4.076 Billion,IM,IMN
100,Israel,972,7353985,20770,272.7 Billion,IL,ISR
101,Italy,39,60340328,301230,2.068 Trillion,IT,ITA
102,Ivory Coast,225,21058798,322460,28.28 Billion,CI,CIV
103,Jamaica,1-876,2847232,10991,14.39 Billion,JM,JAM
104,Japan,81,127288000,377835,5.007 Trillion,JP,JPN
105,Jersey,44-1534,90812,116,5.1 Billion,JE,JEY
106,Jordan,962,6407085,92300,34.08 Billion,JO,JOR
107,Kazakhstan,7,15340000,2717300,224.9 Billion,KZ,KAZ
108,Kenya,254,40046566,582650,45.31 Billion,KE,KEN
109,Kiribati,686,92533,811,173 Million,KI,KIR
110,Kosovo,383,1800000,10887,7.15 Billion,XK,XKX
111,Kuwait,965,2789132,17820,179.5 Billion,KW,KWT
112,Kyrgyzstan,996,5508626,198500,7.234 Billion,KG,KGZ
113,Laos,856,6368162,236800,10.1 Billion,LA,LAO
114,Latvia,371,2217969,64589,30.38 Billion,LV,LVA
115,Lebanon,961,4125247,10400,43.49 Billion,LB,LBN
116,Lesotho,266,1919552,30355,2.457 Billion,LS,LSO
117,Liberia,231,3685076,111370,1.977 Billion,LR,LBR
118,Libya,218,6461454,1759540,70.92 Billion,LY,LBY
119,Liechtenstein,423,35000,160,5.113 Billion,LI,LIE
120,Lithuania,370,2944459,65200,46.71 Billion,LT,LTU
121,Luxembourg,352,497538,2586,60.54 Billion,LU,LUX
122,Macau,853,449198,254,51.68 Billion,MO,MAC
123,Macedonia,389,2062294,25333,10.65 Billion,MK,MKD
124,Madagascar,261,21281844,587040,10.53 Billion,MG,MDG
125,Malawi,265,15447500,118480,3.683 Billion,MW,MWI
126,Malaysia,60,28274729,329750,312.4 Billion,MY,MYS
127,Maldives,960,395650,300,2.27 Billion,MV,MDV
128,Mali,223,13796354,1240000,11.37 Billion,ML,MLI
129,Malta,356,403000,316,9.541 Billion,MT,MLT
130,Marshall Islands,692,65859,181,193 Million,MH,MHL
131,Mauritania,222,3205060,1030700,4.183 Billion,MR,MRT
132,Mauritius,230,1294104,2040,11.9 Billion,MU,MUS
133,Mayotte,262,159042,374,,YT,MYT
134,Mexico,52,112468855,1972550,1.327 Trillion,MX,MEX
135,Micronesia,691,107708,702,339 Million,FM,FSM
136,Moldova,373,4324000,33843,7.932 Billion,MD,MDA
137,Monaco,377,32965,2,5.748 Billion,MC,MCO
138,Mongolia,976,3086918,1565000,11.14 Billion,MN,MNG
139,Montenegro,382,666730,14026,4.518 Billion,ME,MNE
140,Montserrat,1-664,9341,102,,MS,MSR
141,Morocco,212,31627428,446550,104.8 Billion,MA,MAR
142,Mozambique,258,22061451,801590,14.67 Billion,MZ,MOZ
143,Myanmar,95,53414374,678500,59.43 Billion,MM,MMR
144,Namibia,264,2128471,825418,12.3 Billion,NA,NAM
145,Nauru,674,10065,21,,NR,NRU
146,Nepal,977,28951852,140800,19.34 Billion,NP,NPL
147,Netherlands,31,16645000,41526,722.3 Billion,NL,NLD
148,Netherlands Antilles,599,136197,960,,AN,ANT
149,New Caledonia,687,216494,19060,9.28 Billion,NC,NCL
150,New Zealand,64,4252277,268680,181.1 Billion,NZ,NZL
151,Nicaragua,505,5995928,129494,11.26 Billion,NI,NIC
152,Niger,227,15878271,1267000,7.304 Billion,NE,NER
153,Nigeria,234,154000000,923768,502 Billion,NG,NGA
154,Niue,683,2166,260,10.01 Million,NU,NIU
155,North Korea,850,22912177,120540,28 Billion,KP,PRK
156,Northern Mariana Islands,1-670,53883,477,733 Million,MP,MNP
157,Norway,47,5009150,324220,515.8 Billion,NO,NOR
158,Oman,968,2967717,212460,81.95 Billion,OM,OMN
159,Pakistan,92,184404791,803940,236.5 Billion,PK,PAK
160,Palau,680,19907,458,221 Million,PW,PLW
161,Palestine,970,3800000,5970,6.641 Billion,PS,PSE
162,Panama,507,3410676,78200,40.62 Billion,PA,PAN
163,Papua New Guinea,675,6064515,462840,16.1 Billion,PG,PNG
164,Paraguay,595,6375830,406750,30.56 Billion,PY,PRY
165,Peru,51,29907003,1285220,210.3 Billion,PE,PER
166,Philippines,63,99900177,300000,272.2 Billion,PH,PHL
167,Pitcairn,64,46,47,,PN,PCN
168,Poland,48,38500000,312685,513.9 Billion,PL,POL
169,Portugal,351,10676000,92391,219.3 Billion,PT,PRT
170,Puerto Rico,"1-787, 1-939",3916632,9104,93.52 Billion,PR,PRI
171,Qatar,974,840926,11437,213.1 Billion,QA,QAT
172,Republic of the Congo,242,3039126,342000,14.25 Billion,CG,COG
173,Reunion,262,776948,2517,,RE,REU
174,Romania,40,21959278,237500,188.9 Billion,RO,ROU
175,Russia,7,140702000,17100000,2.113 Trillion,RU,RUS
176,Rwanda,250,11055976,26338,7.7 Billion,RW,RWA
177,Saint Barthelemy,590,8450,21,,BL,BLM
178,Saint Helena,290,7460,410,,SH,SHN
179,Saint Kitts and Nevis,1-869,51134,261,767 Million,KN,KNA
180,Saint Lucia,1-758,160922,616,1.377 Billion,LC,LCA
181,Saint Martin,590,35925,53,561.5 Million,MF,MAF
182,Saint Pierre and Miquelon,508,7012,242,215.3 Million,PM,SPM
183,Saint Vincent and the Grenadines,1-784,104217,389,742 Million,VC,VCT
184,Samoa,685,192001,2944,705 Million,WS,WSM
185,San Marino,378,31477,61,1.866 Billion,SM,SMR
186,Sao Tome and Principe,239,175808,1001,311 Million,ST,STP
187,Saudi Arabia,966,25731776,1960582,718.5 Billion,SA,SAU
188,Senegal,221,12323252,196190,15.36 Billion,SN,SEN
189,Serbia,381,7344847,88361,43.68 Billion,RS,SRB
190,Seychelles,248,88340,455,1.271 Billion,SC,SYC
191,Sierra Leone,232,5245695,71740,4.607 Billion,SL,SLE
192,Singapore,65,4701069,693,295.7 Billion,SG,SGP
193,Sint Maarten,1-721,37429,34,794.7 Million,SX,SXM
194,Slovakia,421,5455000,48845,96.96 Billion,SK,SVK
195,Slovenia,386,2007000,20273,46.82 Billion,SI,SVN
196,Solomon Islands,677,559198,28450,1.099 Billion,SB,SLB
197,Somalia,252,10112453,637657,2.372 Billion,SO,SOM
198,South Africa,27,49000000,1219912,353.9 Billion,ZA,ZAF
199,South Korea,82,48422644,98480,1.198 Trillion,KR,KOR
200,South Sudan,211,8260490,644329,11.77 Billion,SS,SSD
201,Spain,34,46505963,504782,1.356 Trillion,ES,ESP
202,Sri Lanka,94,21513990,65610,65.12 Billion,LK,LKA
203,Sudan,249,35000000,1861484,52.5 Billion,SD,SDN
204,Suriname,597,492829,163270,5.009 Billion,SR,SUR
205,Svalbard and Jan Mayen,47,2550,62049,,SJ,SJM
206,Swaziland,268,1354051,17363,3.807 Billion,SZ,SWZ
207,Sweden,46,9555893,449964,552 Billion,SE,SWE
208,Switzerland,41,7581000,41290,646.2 Billion,CH,CHE
209,Syria,963,22198110,185180,64.7 Billion,SY,SYR
210,Taiwan,886,22894384,35980,484.7 Billion,TW,TWN
211,Tajikistan,992,7487489,143100,8.513 Billion,TJ,TJK
212,Tanzania,255,41892895,945087,31.94 Billion,TZ,TZA
213,Thailand,66,67089500,514000,400.9 Billion,TH,THA
214,Togo,228,6587239,56785,4.299 Billion,TG,TGO
215,Tokelau,690,1466,10,,TK,TKL
216,Tonga,676,122580,748,477 Million,TO,TON
217,Trinidad and Tobago,1-868,1228691,5128,27.13 Billion,TT,TTO
218,Tunisia,216,10589025,163610,48.38 Billion,TN,TUN
219,Turkey,90,77804122,780580,821.8 Billion,TR,TUR
220,Turkmenistan,993,4940916,488100,40.56 Billion,TM,TKM
221,Turks and Caicos Islands,1-649,20556,430,,TC,TCA
222,Tuvalu,688,10472,26,38 Million,TV,TUV
223,U.S. Virgin Islands,1-340,108708,352,,VI,VIR
224,Uganda,256,33398682,236040,22.6 Billion,UG,UGA
225,Ukraine,380,45415596,603700,175.5 Billion,UA,UKR
226,United Arab Emirates,971,4975593,82880,390 Billion,AE,ARE
227,United Kingdom,44,62348447,244820,2.49 Trillion,GB,GBR
228,United States,1,310232863,9629091,16.72 Trillion,US,USA
229,Uruguay,598,3477000,176220,57.11 Billion,UY,URY
230,Uzbekistan,998,27865738,447400,55.18 Billion,UZ,UZB
231,Vanuatu,678,221552,12200,828 Million,VU,VUT
232,Vatican,379,921,0,,VA,VAT
233,Venezuela,58,27223228,912050,367.5 Billion,VE,VEN
234,Vietnam,84,89571130,329560,170 Billion,VN,VNM
235,Wallis and Futuna,681,16025,274,,WF,WLF
236,Western Sahara,212,273008,266000,,EH,ESH
237,Yemen,967,23495361,527970,43.89 Billion,YE,YEM
238,Zambia,260,13460305,752614,22.24 Billion,ZM,ZMB
239,Zimbabwe,263,11651858,390580,10.48 Billion,ZW,ZWE
